SEQ,BANK NAME,CUST_ID,TITLE,NAME,SURNAME,LOAN PRODUCT,ACCT_NO,CREDIT LIMIT,INT RATE,BALANCE,E_MAIL,MOBILE,ADDRESS,POST_CODE
17,BANK,2049003,นาง,โชคชัย,หวงสุวรรณ,Housing Loan,2.12015E+11,7450000,1.531,4084236.72,opas@mcdonald.com,089-347-4045,บมจ.ธนาคารไทยพาณิชย์ 9 ชั้น 4 โซน C ถ.รัชดาภิเษก แขวงลาดยาว เขตจตุจักร กรุงเทพฯ (ฝ่ายธุรกิจ 2) 10900,10900
113,BANK,2049154,น.ส.,ณฐศร,บุญเกิด,Housing Loan,2.12015E+11,8150000,3.32,788106.55,prathum@jahun.com,080-484-4057,99/260 ถ.นนทรี แขวงช่องนนทรี เขตยานนาวา กทม.  10120,10120
357,BANK,2049568,นาง,วรภพ,จิรศานต์ชัย,Housing Loan,2.12015E+11,5610000,8.356,4647572.24,sayyod@jahun.com,081-616-0302,9/150 หมู่ 6 ซอยพหลโยธิน 48 ถนนพหลโยธิน แขวงคลองถนน เขตบางเขน กรุงเทพฯ 10220,10220
718,BANK,2050261,นาย,สิริกร,จิตตรักษ์,Housing Loan,3.22015E+11,3780000,8.902,2468146.89,tidarat@jahun.com,085-745-0344,200-202 ถ.ศรีนรินทร์ แขวงหัวหมาก เขตบางกะปิ กรุงเทพฯ 10240,10240
1718,BANK,2052030,น.ส.,ยุทธภูมิ,กลิ่นเขียว,Housing Loan,3.32015E+11,3290000,4.979,547880.47,pasamon@usaonline.org,080-075-8261,146/45 หมู่ 5 ต.สำโรงเหนือ อ.เมือง จ.สมุทรปราการ  10270,10270
2342,BANK,2053072,นาย,ญาณิศา,เทพี,Housing Loan,3.42015E+11,6240000,7.564,5489429.57,triamjit@mcdonald.com,084-535-1168,213/212 หมู่ 16 ถนนพัฒนาการ แขวงสวนหลวง เขตประเวศ กรุงเทพฯ 10250,10250
4271,BANK,2056509,มรว.,ธัญสิริ,ธนูศิลป์,Housing Loan,3.72015E+11,3750000,9.894,2626694.55,phanhilai@seveneleven.net,086-692-7863,888/63 ถนนเพลินจิต แขวงลุมพินี เขตปทุมวัน กรุงเทพฯ 10330,10330
6052,BANK,2059665,นาง,ณิชานาฎ,สมบูรณ์,Housing Loan,4.02015E+11,2560000,5.684,942303.55,wasun@tbcertain.net,087-180-9690,77/460 หมู่ 1 ดวงแก้ว ซ.1/3 ถนนติวานนท์ ต.บ้านใหม่ อ.ปากเกร็ด จ.นนทบุรี 11120,11120
6303,BANK,2060115,น.ส.,ธีระภัทร์,พนมธีรเกียรติ,Housing Loan,4.02015E+11,5070000,5.213,2712899.76,kwansuda@mcdonald.com,083-760-5377,41/58 ม.นิรันดร์ศิริ ถ.สามวา แขวงมีนบุรี เขตมีนบุรี กรุงเทพฯ 10510,10510
7673,BANK,2062489,ด.ช.,หทัยทิพย์,คล่องนาวี,Housing Loan,4.22015E+11,4850000,4.278,3126228.77,pongsak@mcdonald.com,089-103-7910,69/78 ม.ลภาวัน โครงการ 10 ถ.คันแอน ต.บางพลับ อ.ปากเกร็ด จ.นนทบุรี 11120,11120
10474,BANK,2067330,นาย,ศุภนิดา,เมยประโคน,Housing Loan,4.62015E+11,8250000,5.431,2551875.31,mantana@yahooo.con,086-969-7726,163/1 หมู่ที่ 4 ถนนศรีสุนทร ตำบลศรีสุนทร อำเภอถลาง จังหวัดภูเก็ต 83000,83000
10746,BANK,2067835,มรว.,ชินาภรณ์,เพ็ชรเยียน,Personal Loan,4.72015E+11,750000,5.713,428564.29,paweena@jahun.com,085-618-1998,การสื่อสารแห่งประเทศไทย ตึก2 กองการเงินและผลประโยชน์ ชั้น3 ถ.แจ้งวัฒนะ เขตหลักสี่ กรุงเทพฯ 10210,10210
11884,BANK,2069815,นาย,กัญญานัฐ,แจ้งสูงเนิน,Housing Loan,4.52016E+11,2990000,6.968,1423564.16,adthakron@usaonline.org,082-217-9284,โรงเรียนอนุบาลเคหะบ้านใหม่ 1614/1521 หมู่ที่ 10 ถ.สุขุมวิท กม.30 ต.ท้ายบ้าน อ.เมือง จ.นครปฐม 10270,10270
14535,BANK,2074509,น.ส.,จุฬาพิชญ์,แหลมกา,Housing Loan,4.22016E+11,5770000,8.085,3231965.75,duangkamol@seveneleven.net,081-662-2400,696/19 ซ.เจริญสุข แขวงคลองเตย เขตคลองเตย กรุงเทพมหานคร 10110,10110
15776,BANK,2076769,พ.ญ.,พรรณี,เพื่อนงาม,Housing Loan,4.22016E+11,7440000,6.856,6222812.37,somchok@seveneleven.net,088-967-6422,4/1109 หมู่ 4 หมู่บ้านสหกรณ์ ซอย 55 ถนนสุขาภิบาล 2 แขวงคลองกุ่ม เขตบึงกุ่ม กรุงเทพฯ 10240,10240
17126,BANK,2079286,พ.ญ.,ชนกพร,แสวงดี,Housing Loan,4.12016E+11,7310000,8.986,5982670.58,sawong@jahun.com,081-386-2529,เลขที่ 52/1 หมู่ที่ 6 ต.สวนป่าน อ.เมืองนครปฐม จ.นครปฐม 73000,73000
17327,BANK,2079637,นาง,ภัทรา,พร้อมเพรียง,Housing Loan,4.32016E+11,8250000,3.236,263195.21,nipatta@hotmaee.com,086-748-9549,เลขที่ 53 หมู่ที่ 3 ต.กุดดู่ อ.โนนสัง จ.หนองบัวลำภู 39140,39140
19714,BANK,2083828,ด.ช.,ณิชารัตน์,พละวงศ์,Housing Loan,3.92016E+11,2910000,0.136,1274274.68,patcharin@usaonline.org,085-618-4631,บจก.สวีเดน มอเตอร์ 1527 ถ.สุขุมวิท 71 คลองตัน คลองเตย กทม. 10110,10110
20888,BANK,2085836,พ.ญ.,ธนกร,คหาปนะ,Housing Loan,2.42016E+11,1350000,8.355,497818.22,theeravath@seveneleven.net,085-890-4352,37/1 ม.1 ต.บางเลา กิ่งอ.คลองเขื่อน จ.ฉะ เชิงเทรา 24000,24000
24995,BANK,2093005,นาย,เพ็ญพิชชา,ปิ่นเมฆ,Housing Loan,2.12016E+11,4270000,7.025,81857.47,chaowanee@mcdonald.com,083-741-4368,เลขที่ 11 หมู่ที่ 3 ต.ธาตุน้อย อ.เขื่องใน จ.อุบลราชธานี 34150,34150
